{
    "materials": [{
        "DbgName": "pac-man-atari-2600-front-cover",
        "opacity": 1,
        "colorEmissive": [0,0,0],
        "specularCoef": 50,
        "DbgIndex": 0,
        "wireframe": false,
        "blending": "NormalBlending",
        "colorDiffuse": [0.64,0.64,0.64],
        "transparent": false,
        "shading": "phong",
        "mapDiffuseWrap": ["RepeatWrapping","RepeatWrapping"],
        "DbgColor": 15658734,
        "depthTest": true,
        "visible": true,
        "mapDiffuseAnisotropy": 1,
        "colorSpecular": [0,0,0],
        "mapDiffuseRepeat": [1,1],
        "depthWrite": true,
        "mapDiffuse": "pac-man-atari-2600-front-cover.jpg",
        "colorAmbient": [0.64,0.64,0.64]
    }],
    "normals": [0.991455,0,0.130406,0.991455,0,-0.130406,0.983032,0.129582,-0.129612,0.983032,0.129582,0.129612,-0.129582,0.983062,0.129582,0.129582,0.983032,0.129582,0.129582,0.983062,-0.129582,-0.129582,0.983062,-0.129582,0.130436,0,-0.991455,-0.130406,0,-0.991455,-0.129612,0.129582,-0.983032,0.129643,0.129582,-0.983032,-0.991455,0,-0.130406,-0.991455,0,0.130406,-0.983032,0.129582,0.129612,-0.983032,0.129582,-0.129612,-0.491531,0.8623,0.121555,-0.44734,0.774438,0.44734,-0.121555,0.8623,0.491531,-0.8623,0.491531,0.121555,-0.774438,0.44734,0.44734,-0.8623,0.121555,0.491562,-0.491562,0.121555,0.8623,-0.44734,0.44734,0.774438,-0.129612,0.129582,0.983032,-0.121555,0.491531,0.8623,0.121555,0.8623,0.491531,0.44734,0.774407,0.44734,0.491531,0.8623,0.121555,0.121555,0.491531,0.8623,0.44734,0.44734,0.774438,0.129612,0.129582,0.983032,0.491562,0.121555,0.86227,0.8623,0.121555,0.491562,0.774438,0.44734,0.44734,0.8623,0.491531,0.121555,-0.491562,0.121555,-0.8623,-0.44734,0.44734,-0.774438,-0.121555,0.491531,-0.8623,-0.8623,0.121555,-0.491562,-0.774438,0.44734,-0.44734,-0.8623,0.491531,-0.121555,-0.491531,0.8623,-0.121555,-0.44734,0.774438,-0.44734,-0.121555,0.8623,-0.491531,0.491531,0.8623,-0.121555,0.44734,0.774438,-0.44734,0.121555,0.8623,-0.491531,0.8623,0.491531,-0.121555,0.774438,0.44734,-0.44734,0.8623,0.121555,-0.491562,0.491562,0.121555,-0.8623,0.44734,0.44734,-0.774438,0.121555,0.491531,-0.8623,-0.499893,0,-0.866054,-0.866054,0,-0.499893,-0.130406,0,0.991455,-0.499893,0,0.866054,-0.866054,0,0.499893,0.866054,0,-0.499893,0.499924,0,-0.866054,0.130406,0,0.991455,0.499924,0,0.866054,0.866054,0,0.499893],
    "faces": [43,4,13,53,30,0,0,1,2,3,0,1,2,3,43,16,28,52,42,0,4,5,6,7,4,5,6,7,43,12,9,40,54,0,8,9,10,11,8,9,10,11,43,8,1,17,41,0,12,13,14,15,12,13,14,15,43,16,19,21,20,0,4,16,17,18,4,16,17,18,43,19,23,24,21,0,16,19,20,17,16,19,20,17,43,17,22,24,23,0,14,21,22,23,14,21,20,19,43,22,26,27,24,0,21,24,25,22,21,22,23,20,43,18,25,27,26,0,26,27,28,29,24,25,23,22,43,25,20,21,27,0,27,30,31,28,25,18,17,23,42,21,24,27,0,31,32,28,17,20,23,43,28,31,33,32,0,5,33,34,35,5,26,27,28,43,31,35,36,33,0,33,36,37,34,26,29,30,27,43,29,34,36,35,0,38,39,40,41,31,32,30,29,43,34,38,39,36,0,39,42,43,40,32,33,34,30,43,30,37,39,38,0,3,44,45,46,3,35,34,33,43,37,32,33,39,0,44,47,48,45,35,28,27,34,42,33,36,39,0,48,49,45,27,30,34,43,40,43,45,44,0,10,50,51,52,10,36,37,38,43,43,47,48,45,0,50,53,54,51,36,39,40,37,43,41,46,48,47,0,15,55,56,57,15,41,40,39,43,46,50,51,48,0,55,58,59,56,41,42,43,40,43,42,49,51,50,0,7,60,61,62,7,44,43,42,43,49,44,45,51,0,60,63,64,61,44,38,37,43,42,45,48,51,0,64,65,61,37,40,43,43,52,55,57,56,0,6,66,67,68,6,45,46,47,43,55,59,60,57,0,66,69,70,67,45,48,49,46,43,53,58,60,59,0,2,71,72,73,2,50,49,48,43,58,62,63,60,0,71,74,75,72,50,51,52,49,43,54,61,63,62,0,11,76,77,78,11,53,52,51,43,61,56,57,63,0,76,79,80,77,53,47,46,52,42,57,60,63,0,80,81,77,46,49,52,43,41,17,23,46,0,15,14,23,55,15,14,19,41,43,46,23,19,50,0,55,23,82,58,41,19,16,42,43,50,19,16,42,0,62,16,4,7,42,16,4,7,43,18,29,35,25,0,26,38,41,27,24,31,29,25,43,25,35,31,20,0,27,41,83,30,25,29,26,18,43,20,31,28,16,0,18,33,5,4,18,26,5,4,43,30,53,59,37,0,3,2,73,44,3,2,48,35,43,37,59,55,32,0,44,73,84,47,35,48,45,28,43,32,55,52,28,0,35,66,6,5,28,45,6,5,43,54,40,44,61,0,11,10,52,76,11,10,38,53,43,61,44,49,56,0,76,52,85,79,53,38,44,47,43,56,49,42,52,0,68,60,7,6,47,44,7,6,43,40,9,11,43,0,10,9,86,50,10,9,54,36,43,43,11,10,47,0,50,86,87,53,36,54,55,39,43,47,10,8,41,0,57,88,12,15,39,55,12,15,43,0,18,26,2,0,89,26,29,90,56,24,22,57,43,2,26,22,3,0,90,29,91,92,57,22,21,58,43,3,22,17,1,0,93,21,14,13,58,21,14,13,43,53,13,15,58,0,2,1,94,71,2,1,59,50,43,58,15,14,62,0,71,94,95,74,50,59,60,51,43,62,14,12,54,0,78,96,8,11,51,60,8,11,43,29,5,7,34,0,38,97,98,39,31,61,62,32,43,34,7,6,38,0,39,98,99,42,32,62,63,33,43,38,6,4,30,0,46,100,0,3,33,63,0,3,43,0,5,29,18,0,89,97,38,26,56,61,31,24],
    "metadata": {
        "materials": 1,
        "uvs": 1,
        "generator": "io_three",
        "normals": 64,
        "faces": 57,
        "type": "Geometry",
        "vertices": 64,
        "version": 3
    },
    "uvs": [[0.928485,0.805287,0.928485,0.194068,1.00135,0.194068,1.00135,0.805287,0.007693,0.005657,0.992307,0.005657,0.992307,0.994343,0.007693,0.994343,0.933648,0.800998,0.933647,0.522462,0.997793,0.522462,0.997793,0.800998,0.927125,0.720304,0.927125,0.008563,1.00104,0.008563,1.00104,0.720304,0.003852,0.005657,0.004014,0.002952,0.007693,0.002832,0.001028,0.005657,0.002026,0.002952,1.00104,0.00653,1.00267,0.006616,1.00274,0.008563,1.00104,0.005035,1.00267,0.005563,0.990093,0.80367,0.991325,0.80367,0.991273,0.804538,0.990093,0.804576,0.99223,0.80367,0.99191,0.804538,0.991273,0.805006,0.992307,0.002832,0.995986,0.002952,0.996148,0.005657,0.992307,0.000756,0.995986,0.00149,0.990093,0.571565,0.990093,0.570659,0.991273,0.570697,0.991325,0.571565,0.990094,0.569993,0.991273,0.570229,1.00303,0.805287,1.00296,0.806959,1.00135,0.807033,1.00427,0.805287,1.00383,0.806959,1.00296,0.807863,0.997793,0.521375,0.999208,0.521421,0.999271,0.522462,0.997793,0.520576,0.999208,0.520859,1.00274,0.720304,1.00267,0.722252,1.00104,0.722338,1.004,0.720304,1.00355,0.722252,0.007693,0.997168,0.004014,0.997048,0.003852,0.994343,0.007693,0.999244,0.004014,0.99851,0.002026,0.997048,0.996148,0.994343,0.995986,0.997048,0.992307,0.997168,0.998972,0.994343,0.997974,0.997048,1.00135,0.192322,1.00296,0.192396,1.00303,0.194068,1.00135,0.191038,1.00296,0.191492,0.999271,0.800998,0.999209,0.802039,0.997793,0.802085,1.00036,0.800998,0.999973,0.802039,0.999209,0.802601,1.004,0.008563,0.99223,0.571565,1.00427,0.194068,1.00036,0.522462,0.933647,0.521374,0.933647,0.520577,0.927125,0.722341,0.93664,0.80367,0.93664,0.804577,0.990093,0.805242,0.93664,0.805241,0.927125,0.006527,0.928485,0.19232,0.928485,0.191039,0.933647,0.802086,0.936641,0.571565,0.93664,0.570658,0.936641,0.569994,0.928485,0.807035]],