{
    "materials": [{
        "mapDiffuseRepeat": [1,1],
        "DbgColor": 15658734,
        "transparent": false,
        "DbgName": "cover",
        "depthWrite": true,
        "colorDiffuse": [0.64,0.64,0.64],
        "specularCoef": 50,
        "mapDiffuseWrap": ["RepeatWrapping","RepeatWrapping"],
        "colorEmissive": [0,0,0],
        "visible": true,
        "shading": "phong",
        "depthTest": true,
        "DbgIndex": 0,
        "mapDiffuse": "passport.jpg",
        "mapDiffuseAnisotropy": 1,
        "colorSpecular": [0,0,0],
        "colorAmbient": [0.64,0.64,0.64],
        "wireframe": false,
        "opacity": 1,
        "blending": "NormalBlending"
    },{
        "DbgColor": 15597568,
        "transparent": false,
        "DbgName": "paper",
        "depthWrite": true,
        "colorDiffuse": [0.569347,0.556353,0.406304],
        "specularCoef": 50,
        "colorEmissive": [0,0,0],
        "visible": true,
        "shading": "phong",
        "depthTest": true,
        "DbgIndex": 1,
        "colorSpecular": [0,0,0],
        "colorAmbient": [0.569347,0.556353,0.406304],
        "wireframe": false,
        "opacity": 1,
        "blending": "NormalBlending"
    }],
    "metadata": {
        "type": "Geometry",
        "uvs": 1,
        "vertices": 56,
        "normals": 44,
        "faces": 64,
        "version": 3,
        "materials": 2,
        "generator": "io_three"
    },
    "uvs": [[0.141906,0.027817,0.160966,0.987321,0.824458,0.988457,0.829872,0.985621,0.836059,0.97995,0.840699,0.974279,0.843277,0.96835,0.848701,0.059505,0.846845,0.051338,0.843504,0.044285,0.83645,0.037974,0.826954,0.034467,0.788037,0.028988,0.783862,0.028988,0.783862,0.025574,0.788037,0.025574,0.806899,0.026313,0.806927,0.026313,0.806927,0.030048,0.806899,0.030048,0.791167,0.028988,0.791167,0.025574,0.806841,0.026313,0.806841,0.030048,0.792907,0.028988,0.792907,0.025574,0.806762,0.026313,0.806762,0.030048,0.78021,0.028988,0.332542,0.028988,0.332542,0.025574,0.78021,0.025574,0.805179,0.02978,0.82109,0.02978,0.82109,0.030142,0.805179,0.030142,0.801079,0.026313,0.801079,0.030048,0.806942,0.026313,0.806942,0.030048,0.147495,0.020407,0.147495,0.024142,0.16324,0.980358,0.16324,0.983772]],
    "vertices": [-0.912494,0,1.20322,0.833144,0,1.18627,0.857343,0,1.17733,0.875316,0,1.16125,0.883829,0,1.14328,0.888559,0,1.12247,0.874736,-0,-1.19345,0.868167,-0,-1.20856,0.85841,-0,-1.22262,0.840578,-0,-1.23746,0.826784,-0,-1.24468,-0.863926,-0,-1.24179,-0.912494,0.012416,1.20322,0.833144,0.012416,1.18627,0.857343,0.012416,1.17733,0.875316,0.012416,1.16125,0.883829,0.012416,1.14328,0.888559,0.012416,1.12247,0.874736,0.012416,-1.19345,0.868167,0.012416,-1.20856,0.85841,0.012416,-1.22262,0.840578,0.012416,-1.23746,0.826784,0.012416,-1.24468,-0.863926,0.012416,-1.24179,-0.912494,0.037118,1.20322,0.833144,0.037118,1.18627,0.857343,0.037118,1.17733,0.875316,0.037118,1.16125,0.883829,0.037118,1.14328,0.888559,0.037118,1.12247,0.874736,0.037118,-1.19345,0.868167,0.037118,-1.20856,0.85841,0.037118,-1.22262,0.840578,0.037118,-1.23746,0.826784,0.037118,-1.24468,-0.863926,0.037118,-1.24179,-0.912494,0.04737,1.20322,0.833144,0.04737,1.18627,0.857343,0.04737,1.17733,0.875316,0.04737,1.16125,0.883829,0.04737,1.14328,0.888559,0.04737,1.12247,0.874736,0.04737,-1.19345,0.868167,0.04737,-1.20856,0.85841,0.04737,-1.22262,0.840578,0.04737,-1.23746,0.826784,0.04737,-1.24468,-0.863926,0.04737,-1.24179,-0.922466,0,1.20322,-0.873899,-0,-1.24179,-0.929499,0.012416,1.20322,-0.880931,0.012416,-1.24179,-0.929499,0.037118,1.20322,-0.880931,0.037118,-1.24179,-0.922466,0.04737,1.20322,-0.873899,0.04737,-1.24179],
    "normals": [0.003418,-0.706015,0.708182,0.384045,-0.667318,0.638081,0.134037,-0.670522,0.729637,0.689993,-0.683309,0.238594,0.598193,-0.66512,0.446883,0.731071,-0.664571,-0.154332,0.726798,-0.682211,0.079348,0.541978,-0.677969,-0.496536,0.635853,-0.68569,-0.354259,0.179479,-0.656911,-0.732261,0.404706,-0.684103,-0.606769,-0.00058,-0.707297,-0.7069,0.737327,0,-0.675497,0.554888,0,-0.831904,-0.000855,0,-0.999969,0.238075,0,-0.971221,0.978423,0,-0.206549,0.994079,0,0.108524,0.1807,0,0.98352,0.004852,0,0.999969,0.945067,0,0.326792,-0.394024,-0.684683,-0.613086,-0.725333,-0.191778,-0.661092,0.801111,0,0.598498,0.873562,0,-0.486679,0.515671,0,0.856777,0.179479,0.656911,-0.732261,0.404706,0.684103,-0.606769,0.003418,0.706015,0.708182,-0.00058,0.707297,-0.7069,-0.362285,0.696677,-0.61916,-0.372082,0.697653,0.612201,0.541978,0.677969,-0.496536,0.731071,0.664571,-0.154332,0.635853,0.68569,-0.354259,0.689993,0.683309,0.238594,0.726798,0.682211,0.079348,0.384045,0.667318,0.638081,0.598193,0.66512,0.446883,0.134068,0.670522,0.729637,-0.722953,0.225013,-0.653188,-0.404462,-0.685293,0.605579,-0.737602,-0.193732,0.646809,-0.734916,0.226936,0.638997],
    "name": "PlaneGeometry.7",
    "faces": [42,0,2,1,0,0,10,11,0,1,2,42,4,3,2,0,8,9,10,3,4,1,42,6,5,4,0,6,7,8,5,6,3,42,8,7,6,0,4,5,6,7,8,5,42,10,9,8,0,2,3,4,9,10,7,42,0,11,10,0,0,1,2,0,11,9,42,0,4,2,0,0,8,10,0,3,1,42,8,6,4,0,4,6,8,7,5,3,42,0,10,8,0,0,2,4,0,9,7,42,0,8,4,0,0,4,8,0,7,3,43,20,21,33,32,1,12,13,14,15,12,13,13,12,43,10,11,23,22,0,2,1,1,2,9,11,14,15,43,5,6,18,17,0,7,6,6,7,6,5,16,17,43,0,1,13,12,0,0,11,11,0,0,2,18,19,43,9,10,22,21,0,3,2,2,3,10,9,15,13,43,4,5,17,16,0,8,7,7,8,3,6,17,20,43,23,11,49,51,0,1,1,1,1,14,11,21,22,43,8,9,21,20,0,4,3,3,4,7,10,13,12,43,3,4,16,15,0,9,8,8,9,4,3,20,23,43,7,8,20,19,0,5,4,4,5,8,7,12,24,43,2,3,15,14,0,10,9,9,10,1,4,23,25,43,6,7,19,18,0,6,5,5,6,5,8,24,16,43,1,2,14,13,0,11,10,10,11,2,1,25,18,43,33,34,46,45,0,3,2,2,3,13,15,26,27,43,15,16,28,27,1,16,17,18,19,23,20,20,23,43,19,20,32,31,1,20,12,15,21,24,12,12,24,43,14,15,27,26,1,22,16,19,23,25,23,23,25,43,18,19,31,30,1,24,20,21,25,16,24,24,16,43,13,14,26,25,1,26,22,23,27,18,25,25,18,43,22,23,35,34,1,28,29,30,31,15,14,14,15,43,17,18,30,29,1,32,33,34,35,17,16,16,17,43,12,13,25,24,1,36,26,27,37,19,18,18,19,43,21,22,34,33,1,13,28,31,14,13,15,15,13,43,16,17,29,28,1,17,38,39,18,20,17,17,20,43,36,47,55,54,0,0,1,1,0,28,29,30,31,42,36,46,47,0,0,2,1,28,26,29,42,44,45,46,0,4,3,2,32,27,26,42,42,43,44,0,6,5,4,33,34,32,42,40,41,42,0,8,7,6,35,36,33,42,38,39,40,0,10,9,8,37,38,35,42,36,37,38,0,0,11,10,28,39,37,42,36,44,46,0,0,4,2,28,32,26,42,40,42,44,0,8,6,4,35,33,32,42,36,38,40,0,0,10,8,28,37,35,42,36,40,44,0,0,8,4,28,35,32,43,28,29,41,40,0,8,7,7,8,20,17,36,35,43,47,35,53,55,0,1,1,1,1,29,14,40,30,43,32,33,45,44,0,4,3,3,4,12,13,27,32,43,27,28,40,39,0,9,8,8,9,23,20,35,38,43,31,32,44,43,0,5,4,4,5,24,12,32,34,43,26,27,39,38,0,10,9,9,10,25,23,38,37,43,30,31,43,42,0,6,5,5,6,16,24,34,33,43,25,26,38,37,0,11,10,10,11,18,25,37,39,43,34,35,47,46,0,2,1,1,2,15,14,29,26,43,29,30,42,41,0,7,6,6,7,17,16,33,36,43,24,25,37,36,0,0,11,11,0,19,18,39,28,43,49,48,50,51,0,1,0,0,1,21,41,42,22,43,51,50,52,53,0,1,0,0,1,22,42,43,40,43,53,52,54,55,0,1,0,0,1,40,43,31,30,43,11,0,48,49,0,1,0,0,1,11,0,41,21,43,12,24,52,50,0,40,41,41,40,19,19,43,42,43,0,12,50,48,0,0,0,0,0,0,19,42,41,43,24,36,54,52,0,0,0,0,0,19,28,31,43,43,35,23,51,53,0,42,43,43,42,14,14,22,40]
}