{
    "normals": [0.707083,0,0.707083,0.577349,0.577349,0.577349,-0.577349,0.577349,0.577349,-0.707083,0,0.707083,-0.577349,0.577349,-0.577349,-0.707083,0,-0.707083,0.577349,0.577349,-0.577349,0.707083,0,-0.707083,0,1,0,0,0.999969,0,0.707083,0.707083,0,0,0.707083,0.707083,-0.707083,0.707083,0,0,0.707083,-0.707083,0,0.707053,0.707144,-0.301492,0.904508,0.301492,0,0.707053,-0.707144,0.301492,0.904508,-0.301492,0.707144,0.707053,0,-0.577349,-0.577349,-0.577349,0.577349,-0.577349,-0.577349,0.577349,-0.577349,0.577349,-0.577349,-0.577349,0.577349,-0.301492,-0.904508,-0.301492,-0.301492,-0.904508,0.301492,0.301492,-0.904508,0.301492,0.301492,-0.904508,-0.301492,0.301492,0.904508,0.301492,-0.301492,0.904508,-0.301492],
    "name": "spasky-fischer-flatGeometry.16",
    "metadata": {
        "uvs": 1,
        "normals": 29,
        "version": 3,
        "faces": 153,
        "type": "Geometry",
        "generator": "io_three",
        "materials": 4,
        "vertices": 141
    },
    "faces": [43,20,42,43,21,1,0,0,1,1,0,1,2,3,43,21,43,44,22,1,1,1,2,2,3,2,4,5,43,22,44,45,23,1,2,2,3,3,5,4,6,7,43,23,45,42,20,1,3,3,0,0,7,6,1,0,43,105,104,85,84,3,4,5,6,7,8,9,8,8,43,77,78,71,70,3,8,9,10,11,8,8,8,8,43,91,92,138,137,3,12,13,14,15,8,8,10,10,43,105,106,99,98,3,4,16,17,18,8,8,8,8,43,112,108,81,113,3,19,20,21,22,11,8,8,11,43,107,106,83,82,3,23,16,24,25,8,8,8,8,43,87,86,103,102,3,26,27,28,29,8,8,8,8,43,124,123,65,66,3,30,31,32,33,12,12,8,8,43,122,121,63,64,3,34,35,36,37,12,12,8,8,43,116,60,118,117,3,38,39,40,1,11,8,12,2,43,61,62,120,119,3,41,42,43,44,8,8,12,12,43,67,68,61,60,3,45,46,41,39,8,8,8,8,43,69,70,63,62,3,47,11,36,42,8,8,8,8,43,126,66,73,127,3,48,33,49,50,13,8,8,13,43,65,64,71,72,3,32,37,10,51,8,8,8,8,43,114,74,67,115,3,52,53,45,54,11,8,8,11,43,75,76,69,68,3,55,56,47,46,8,8,8,8,43,73,72,79,80,3,49,51,57,58,8,8,8,8,43,81,82,75,74,3,21,25,55,53,8,8,8,8,43,83,84,77,76,3,24,7,8,56,8,8,8,8,43,128,80,87,129,3,59,58,26,60,13,8,8,13,43,79,78,85,86,3,57,9,6,27,8,8,8,8,43,132,88,134,133,3,61,62,63,3,13,8,10,6,43,89,90,136,135,3,64,65,66,67,8,8,10,10,43,140,139,93,94,3,68,69,70,71,10,10,8,8,43,95,96,89,88,3,72,73,64,62,8,8,8,8,43,97,98,91,90,3,74,18,12,65,8,8,8,8,43,110,94,101,111,3,75,71,76,77,11,8,8,11,43,93,92,99,100,3,70,13,17,78,8,8,8,8,43,130,102,95,131,3,79,29,72,80,13,8,8,13,43,103,104,97,96,3,28,5,74,73,8,9,8,8,43,101,100,107,108,3,76,78,23,20,8,8,8,8,43,28,110,111,29,3,75,75,77,77,11,11,11,11,43,30,112,113,31,3,19,19,22,22,11,11,11,11,43,32,114,115,33,3,52,52,54,54,11,11,11,11,43,34,116,117,25,3,38,38,1,1,14,11,2,15,43,25,117,118,46,3,1,1,40,40,15,2,12,12,43,47,119,120,48,3,44,44,43,43,12,12,12,12,43,49,121,122,50,3,35,35,34,34,12,12,12,12,43,51,123,124,52,3,31,31,30,30,12,12,12,12,43,35,126,127,36,3,48,48,50,50,16,13,13,13,43,37,128,129,38,3,59,59,60,60,13,13,13,13,43,39,130,131,40,3,79,79,80,80,13,13,13,13,43,41,132,133,27,3,61,61,3,3,13,13,6,17,43,27,133,134,53,3,3,3,63,63,17,6,10,18,43,54,135,136,55,3,67,67,66,66,10,10,10,10,43,56,137,138,57,3,15,15,14,14,10,10,10,10,43,58,139,140,59,3,69,69,68,68,10,10,10,10,43,16,19,18,17,0,81,82,83,84,19,20,21,22,43,0,4,5,1,0,85,86,87,88,21,1,2,22,43,1,5,7,3,0,89,90,91,92,22,2,4,19,43,3,7,6,2,0,93,94,95,96,19,4,6,20,43,4,0,2,6,0,97,98,99,100,1,21,20,6,43,4,8,9,5,0,101,102,103,104,1,8,8,2,43,5,9,10,7,0,104,103,105,106,2,8,8,4,43,7,10,11,6,0,106,105,107,108,4,8,8,6,43,6,11,8,4,0,108,107,102,101,6,8,8,1,43,0,12,13,2,0,109,110,111,112,21,23,24,20,43,2,13,14,3,0,112,111,113,114,20,24,25,19,43,3,14,15,1,0,114,113,115,116,19,25,26,22,43,12,0,1,15,0,110,109,116,115,23,21,22,26,43,12,16,17,13,0,117,118,119,120,23,19,22,24,43,13,17,18,14,0,121,122,123,124,24,22,21,25,43,14,18,19,15,0,125,126,127,128,25,21,20,26,43,15,19,16,12,0,129,130,131,132,26,20,19,23,43,121,120,62,63,2,35,43,42,36,12,12,8,8,43,70,71,64,63,2,11,10,37,36,8,8,8,8,43,84,85,78,77,2,7,6,9,8,8,8,8,8,43,98,99,92,91,2,18,17,13,12,8,8,8,8,43,108,107,82,81,2,20,23,25,21,8,8,8,8,43,106,105,84,83,2,16,4,7,24,8,8,8,8,43,129,87,102,130,2,60,26,29,79,13,8,8,13,43,86,85,104,103,2,27,6,5,28,8,8,9,8,43,125,124,66,126,2,2,30,33,48,4,12,8,13,43,123,122,64,65,2,31,34,37,32,12,12,8,8,43,60,61,119,118,2,39,41,44,40,8,8,12,12,43,115,67,60,116,2,54,45,39,38,11,8,8,11,43,68,69,62,61,2,46,47,42,41,8,8,8,8,43,66,65,72,73,2,33,32,51,49,8,8,8,8,43,74,75,68,67,2,53,55,46,45,8,8,8,8,43,76,77,70,69,2,56,8,11,47,8,8,8,8,43,127,73,80,128,2,50,49,58,59,13,8,8,13,43,72,71,78,79,2,51,10,9,57,8,8,8,8,43,113,81,74,114,2,22,21,53,52,11,8,8,11,43,82,83,76,75,2,25,24,56,55,8,8,8,8,43,80,79,86,87,2,58,57,27,26,8,8,8,8,43,88,89,135,134,2,62,64,67,63,8,8,10,10,43,90,91,137,136,2,65,12,15,66,8,8,10,10,43,109,140,94,110,2,0,68,71,75,1,10,8,11,43,139,138,92,93,2,69,14,13,70,10,10,8,8,43,131,95,88,132,2,80,72,62,61,13,8,8,13,43,96,97,90,89,2,73,74,65,64,8,8,8,8,43,94,93,100,101,2,71,70,78,76,8,8,8,8,43,102,103,96,95,2,29,28,73,72,8,8,8,8,43,104,105,98,97,2,5,4,18,74,9,8,8,8,43,111,101,108,112,2,77,76,20,19,11,8,8,11,43,100,99,106,107,2,78,17,16,23,8,8,8,8,43,24,109,110,28,2,0,0,75,75,27,1,11,11,43,29,111,112,30,2,77,77,19,19,11,11,11,11,43,31,113,114,32,2,22,22,52,52,11,11,11,11,43,33,115,116,34,2,54,54,38,38,11,11,11,14,43,46,118,119,47,2,40,40,44,44,12,12,12,12,43,48,120,121,49,2,43,43,35,35,12,12,12,12,43,50,122,123,51,2,34,34,31,31,12,12,12,12,43,52,124,125,26,2,30,30,2,2,12,12,4,28,43,26,125,126,35,2,2,2,48,48,28,4,13,16,43,36,127,128,37,2,50,50,59,59,13,13,13,13,43,38,129,130,39,2,60,60,79,79,13,13,13,13,43,40,131,132,41,2,80,80,61,61,13,13,13,13,43,53,134,135,54,2,63,63,67,67,18,10,10,10,43,55,136,137,56,2,66,66,15,15,10,10,10,10,43,57,138,139,58,2,14,14,69,69,10,10,10,10,43,59,140,109,24,2,68,68,0,0,10,10,1,27,42,39,37,38,1,79,59,60,13,13,13,42,26,35,36,1,2,48,50,28,16,13,42,39,36,37,1,79,50,59,13,13,13,42,39,40,41,1,79,80,61,13,13,13,42,41,27,45,1,61,3,3,13,17,6,42,45,44,26,1,3,2,2,6,4,28,42,39,41,36,1,79,61,50,13,13,13,42,45,26,36,1,3,2,50,6,28,13,42,41,45,36,1,61,3,50,13,6,13,42,30,31,32,1,19,22,52,11,11,11,42,33,34,32,1,54,38,52,11,14,11,42,34,25,43,1,38,1,1,14,15,2,42,43,42,24,1,1,0,0,2,1,27,42,24,28,29,1,0,75,77,27,11,11,42,29,30,32,1,77,19,52,11,11,11,42,34,43,32,1,38,1,52,14,2,11,42,43,24,29,1,1,0,77,2,27,11,42,43,29,32,1,1,77,52,2,11,11,42,50,48,49,1,34,43,35,12,12,12,42,46,47,48,1,40,44,43,12,12,12,42,43,25,46,1,1,1,40,2,15,12,42,26,44,43,1,2,2,1,28,4,2,42,51,52,26,1,31,30,2,12,12,28,42,50,46,48,1,34,40,43,12,12,12,42,50,51,26,1,34,31,2,12,12,28,42,50,43,46,1,34,1,40,12,2,12,42,50,26,43,1,34,2,1,12,28,2,42,56,54,55,1,15,67,66,10,10,10,42,45,27,53,1,3,3,63,6,17,18,42,56,57,54,1,15,14,67,10,10,10,42,45,53,54,1,3,63,67,6,18,10,42,24,42,45,1,0,0,3,27,1,6,42,57,58,59,1,14,69,68,10,10,10,42,59,24,45,1,68,0,3,10,27,6,42,57,45,54,1,14,3,67,10,6,10,42,57,59,45,1,14,68,3,10,10,6],