{
    "name": "PlaneGeometry.3",
    "normals": [0,1,0],
    "uvs": [[0,0.1,1,0.1,1,0.2,0,0.2,1,0.3,0,0.3,1,0.4,0,0.4,1,0.5,0,0.5,1,0.6,0,0.6,1,0.7,0,0.7,1,0.8,0,0.8,1,0.9,0,0.9]],
    "vertices": [-10.399,-0,-8.3051,-10.399,-0,-6.2253,-10.399,-0,-4.14549,-10.399,-0,-2.06569,-10.399,0,0.014116,-10.399,0,2.09392,-10.399,0,4.17372,-10.399,0,6.25353,-10.399,0,8.33333,10.399,0,8.33333,10.399,0,6.25353,10.399,0,4.17372,10.399,0,2.09392,10.399,0,0.014116,10.399,-0,-2.06569,10.399,-0,-4.14549,10.399,-0,-6.2253,10.399,-0,-8.3051],
    "materials": [{
        "transparent": true,
        "wireframe": false,
        "mapDiffuseWrap": ["RepeatWrapping","RepeatWrapping"],
        "mapDiffuseAnisotropy": 1,
        "blending": "NormalBlending",
        "depthWrite": true,
        "shading": "phong",
        "colorDiffuse": [0.64,0.64,0.64],
        "DbgName": "elections",
        "colorAmbient": [0.64,0.64,0.64],
        "opacity": 1,
        "DbgColor": 15658734,
        "mapDiffuseRepeat": [1,1],
        "visible": true,
        "depthTest": true,
        "DbgIndex": 0,
        "specularCoef": 50,
        "colorSpecular": [0,0,0],
        "mapDiffuse": "elections.jpg",
        "colorEmissive": [0,0,0]
    }],
    "faces": [43,8,9,10,7,0,0,1,2,3,0,0,0,0,43,7,10,11,6,0,3,2,4,5,0,0,0,0,43,6,11,12,5,0,5,4,6,7,0,0,0,0,43,5,12,13,4,0,7,6,8,9,0,0,0,0,43,4,13,14,3,0,9,8,10,11,0,0,0,0,43,3,14,15,2,0,11,10,12,13,0,0,0,0,43,2,15,16,1,0,13,12,14,15,0,0,0,0,43,17,0,1,16,0,16,17,15,14,0,0,0,0],
    "metadata": {
        "normals": 1,
        "faces": 8,
        "materials": 1,
        "type": "Geometry",
        "uvs": 1,
        "version": 3,
        "generator": "io_three",
        "vertices": 18
    }
}