{
    "uvs": [],
    "metadata": {
        "version": 3,
        "normals": 18,
        "faces": 160,
        "type": "Geometry",
        "vertices": 162,
        "uvs": 0,
        "generator": "io_three",
        "materials": 2
    },
    "materials": [{
        "colorAmbient": [0.606199,0.606199,0.606199],
        "shading": "phong",
        "depthWrite": true,
        "opacity": 1,
        "DbgColor": 15658734,
        "transparent": false,
        "colorDiffuse": [0.606199,0.606199,0.606199],
        "DbgIndex": 0,
        "colorEmissive": [0,0,0],
        "blending": "NormalBlending",
        "visible": true,
        "specularCoef": 50,
        "depthTest": true,
        "DbgName": "white",
        "colorSpecular": [0,0,0],
        "wireframe": false
    },{
        "colorAmbient": [0,0,0],
        "shading": "phong",
        "depthWrite": true,
        "opacity": 1,
        "DbgColor": 15597568,
        "transparent": false,
        "colorDiffuse": [0,0,0],
        "DbgIndex": 1,
        "colorEmissive": [0,0,0],
        "blending": "NormalBlending",
        "visible": true,
        "specularCoef": 50,
        "depthTest": true,
        "DbgName": "black",
        "colorSpecular": [0,0,0],
        "wireframe": false
    }],
    "normals": [0,1,0,0.707083,0.707083,0,0.577349,0.577349,-0.577349,0,0.707083,-0.707083,-0.707083,0.707083,0,-0.577349,0.577349,-0.577349,0,0.707083,0.707083,-0.577349,0.577349,0.577349,0.577349,0.577349,0.577349,0,-0.707083,-0.707083,0.577349,-0.577349,-0.577349,0.707083,-0.707083,0,0,-1,0,-0.707083,-0.707083,0,-0.577349,-0.577349,-0.577349,0,-0.707083,0.707083,-0.577349,-0.577349,0.577349,0.577349,-0.577349,0.577349],
    "faces": [35,80,27,3,44,1,0,1,2,3,35,79,33,7,40,1,0,0,3,3,35,78,34,8,47,1,0,0,0,0,35,77,31,6,48,1,0,1,1,0,35,76,49,20,36,1,0,0,0,0,35,75,50,21,51,1,0,0,0,0,35,74,43,15,52,1,0,1,1,0,35,73,53,19,35,1,0,0,0,0,35,72,54,22,55,1,0,0,0,0,35,71,46,18,56,1,0,0,0,0,35,70,57,12,28,1,0,0,3,3,35,69,58,23,59,1,0,0,0,0,35,68,45,17,60,1,0,0,0,0,35,67,61,16,32,1,0,0,3,3,35,66,62,24,63,1,0,0,0,0,35,65,39,11,64,1,0,1,1,0,35,62,65,64,24,0,0,0,0,0,35,20,48,65,62,1,0,0,0,0,35,48,6,39,65,0,0,1,1,0,35,45,66,63,17,0,0,0,0,0,35,8,36,66,45,1,0,0,0,0,35,36,20,62,66,0,0,0,0,0,35,33,67,32,7,0,0,0,3,3,35,17,63,67,33,1,0,0,0,0,35,63,24,61,67,0,0,0,0,0,35,58,68,60,23,0,0,0,0,0,35,19,47,68,58,1,0,0,0,0,35,47,8,45,68,0,0,0,0,0,35,29,69,59,13,0,4,0,0,4,35,4,35,69,29,1,4,0,0,4,35,35,19,58,69,0,0,0,0,0,35,41,70,28,2,0,4,0,3,5,35,13,59,70,41,1,4,0,0,4,35,59,23,57,70,0,0,0,0,0,35,54,71,56,22,0,0,0,0,0,35,14,30,71,54,1,6,6,0,0,35,30,5,46,71,0,6,6,0,0,35,25,72,55,9,0,4,0,0,4,35,0,42,72,25,1,7,6,0,4,35,42,14,54,72,0,6,6,0,0,35,37,73,35,4,0,4,0,0,4,35,9,55,73,37,1,4,0,0,4,35,55,22,53,73,0,0,0,0,0,35,50,74,52,21,0,0,0,0,0,35,10,26,74,50,1,6,6,0,0,35,26,1,43,74,0,6,8,1,0,35,46,75,51,18,0,0,0,0,0,35,5,38,75,46,1,6,6,0,0,35,38,10,50,75,0,6,6,0,0,35,34,76,36,8,0,0,0,0,0,35,18,51,76,34,1,0,0,0,0,35,51,21,49,76,0,0,0,0,0,35,49,77,48,20,0,0,0,0,0,35,21,52,77,49,1,0,0,0,0,35,52,15,31,77,0,0,1,1,0,35,53,78,47,19,0,0,0,0,0,35,22,56,78,53,1,0,0,0,0,35,56,18,34,78,0,0,0,0,0,35,57,79,40,12,0,0,0,3,3,35,23,60,79,57,1,0,0,0,0,35,60,17,33,79,0,0,0,0,0,35,61,80,44,16,0,0,0,3,3,35,24,64,80,61,1,0,0,0,0,35,64,11,27,80,0,0,1,1,0,35,125,84,108,161,1,9,10,11,12,35,121,88,114,160,1,9,9,12,12,35,128,89,115,159,1,12,12,12,12,35,129,87,112,158,1,12,11,11,12,35,117,101,130,157,1,12,12,12,12,35,132,102,131,156,1,12,12,12,12,35,133,96,124,155,1,12,11,11,12,35,116,100,134,154,1,12,12,12,12,35,136,103,135,153,1,12,12,12,12,35,137,99,127,152,1,12,12,12,12,35,109,93,138,151,1,9,9,12,12,35,140,104,139,150,1,12,12,12,12,35,141,98,126,149,1,12,12,12,12,35,113,97,142,148,1,9,9,12,12,35,144,105,143,147,1,12,12,12,12,35,145,92,120,146,1,12,11,11,12,35,105,145,146,143,0,12,12,12,12,35,143,146,129,101,1,12,12,12,12,35,146,120,87,129,0,12,11,11,12,35,98,144,147,126,0,12,12,12,12,35,126,147,117,89,1,12,12,12,12,35,147,143,101,117,0,12,12,12,12,35,88,113,148,114,0,9,9,12,12,35,114,148,144,98,1,12,12,12,12,35,148,142,105,144,0,12,12,12,12,35,104,141,149,139,0,12,12,12,12,35,139,149,128,100,1,12,12,12,12,35,149,126,89,128,0,12,12,12,12,35,94,140,150,110,0,13,12,12,13,35,110,150,116,85,1,13,12,12,13,35,150,139,100,116,0,12,12,12,12,35,83,109,151,122,0,14,9,12,13,35,122,151,140,94,1,13,12,12,13,35,151,138,104,140,0,12,12,12,12,35,103,137,152,135,0,12,12,12,12,35,135,152,111,95,1,12,12,15,15,35,152,127,86,111,0,12,12,15,15,35,90,136,153,106,0,13,12,12,13,35,106,153,123,81,1,13,12,15,16,35,153,135,95,123,0,12,12,15,15,35,85,116,154,118,0,13,12,12,13,35,118,154,136,90,1,13,12,12,13,35,154,134,103,136,0,12,12,12,12,35,102,133,155,131,0,12,12,12,12,35,131,155,107,91,1,12,12,15,15,35,155,124,82,107,0,12,11,17,15,35,99,132,156,127,0,12,12,12,12,35,127,156,119,86,1,12,12,15,15,35,156,131,91,119,0,12,12,15,15,35,89,117,157,115,0,12,12,12,12,35,115,157,132,99,1,12,12,12,12,35,157,130,102,132,0,12,12,12,12,35,101,129,158,130,0,12,12,12,12,35,130,158,133,102,1,12,12,12,12,35,158,112,96,133,0,12,11,11,12,35,100,128,159,134,0,12,12,12,12,35,134,159,137,103,1,12,12,12,12,35,159,115,99,137,0,12,12,12,12,35,93,121,160,138,0,9,9,12,12,35,138,160,141,104,1,12,12,12,12,35,160,114,98,141,0,12,12,12,12,35,97,125,161,142,0,9,9,12,12,35,142,161,145,105,1,12,12,12,12,35,161,108,92,145,0,12,11,11,12,35,0,25,106,81,1,7,4,13,16,35,1,26,107,82,0,8,6,15,17,35,3,27,108,84,1,2,1,11,10,35,2,28,109,83,0,5,3,9,14,35,4,29,110,85,1,4,4,13,13,35,5,30,111,86,0,6,6,15,15,35,6,31,112,87,1,1,1,11,11,35,7,32,113,88,0,3,3,9,9,35,9,37,118,90,1,4,4,13,13,35,10,38,119,91,0,6,6,15,15,35,11,39,120,92,1,1,1,11,11,35,12,40,121,93,0,3,3,9,9,35,13,41,122,94,1,4,4,13,13,35,14,42,123,95,0,6,6,15,15,35,15,43,124,96,1,1,1,11,11,35,16,44,125,97,0,3,3,9,9,35,25,9,90,106,0,4,4,13,13,35,26,10,91,107,1,6,6,15,15,35,27,11,92,108,0,1,1,11,11,35,28,12,93,109,1,3,3,9,9,35,29,13,94,110,0,4,4,13,13,35,30,14,95,111,1,6,6,15,15,35,31,15,96,112,0,1,1,11,11,35,32,16,97,113,1,3,3,9,9,35,37,4,85,118,0,4,4,13,13,35,38,5,86,119,1,6,6,15,15,35,39,6,87,120,0,1,1,11,11,35,40,7,88,121,1,3,3,9,9,35,41,2,83,122,0,4,5,14,13,35,42,0,81,123,1,6,7,16,15,35,43,1,82,124,0,1,8,17,11,35,44,3,84,125,1,3,2,10,9],