{
    "name": "PlaneGeometry.3",
    "metadata": {
        "uvs": 1,
        "version": 3,
        "materials": 1,
        "faces": 75,
        "generator": "io_three",
        "type": "Geometry",
        "vertices": 72,
        "normals": 16
    },
    "vertices": [-0.952253,0.001641,0.312127,-1.04846,0.001641,0.184294,-1.24522,0.001641,-0.073171,-1.18335,0.001641,-0.116992,-1.14726,0.001641,-0.142555,-1.11204,0.001641,-0.167688,-1.03191,0.001641,-0.224398,-0.808721,0.001641,-0.385722,-0.524525,0.001641,-0.592157,-0.294676,0.001641,-0.756487,-0.072346,0.001641,-0.937574,0.15428,0.001641,-1.11909,0.216361,0.001641,-1.17022,0.317323,0.001641,-1.18461,0.393796,0.001641,-1.19556,0.433106,0.001641,-1.19814,0.442343,0.001641,-1.19449,0.459958,0.001641,-1.18504,0.467261,0.001641,-1.1786,0.500772,0.001641,-1.13327,0.546312,0.001641,-1.07248,0.660592,0.001641,-0.922752,0.728902,0.001641,-0.835109,0.78905,0.001641,-0.759066,0.845116,0.001641,-0.687748,0.881849,0.001641,-0.644571,0.911493,0.001641,-0.609127,0.985603,0.001641,-0.516329,1.02728,0.001641,-0.461552,1.061,0.001641,-0.417945,1.10482,0.001641,-0.364886,1.16196,0.001641,-0.29765,1.19139,0.001641,-0.258554,1.22684,0.001641,-0.213229,1.23565,0.001641,-0.202488,1.23865,0.001641,-0.196044,1.24295,0.001641,-0.182511,1.24402,0.001641,-0.176281,1.24359,0.001641,-0.164467,1.24295,0.001641,-0.16103,1.18968,0.001641,-0.023335,1.17228,0.001641,0.019197,1.16734,0.001641,0.032301,1.14789,0.001641,0.052927,0.986417,0.001641,0.172821,0.688722,0.001641,0.39702,0.526512,0.001641,0.516172,0.458956,0.001641,0.566654,0.442252,0.001641,0.583358,0.415526,0.001641,0.603402,0.279671,0.001641,0.708449,0.111893,0.001641,0.834282,0.024292,0.001641,0.898127,-0.08224,0.001641,0.978304,-0.176894,0.001641,1.04957,-0.327597,0.001641,1.16093,-0.340217,0.001641,1.16873,-0.346528,0.001641,1.16984,-0.357663,0.001641,1.15945,-0.375852,0.001641,1.13309,-0.486837,0.001641,0.973108,-0.67169,0.001641,0.706593,-0.857285,0.001643,0.440449,-0.887723,0.001641,0.393679,-1.12195,0.001641,0.087195,-0.307318,0.007301,1.06966,-0.770323,0.007301,0.3939,1.17705,0.001641,0.007527,1.14393,0.0073,0.006539,-1.11198,0.007301,-0.0547,-0.293064,0.007301,-0.632693,0.245466,0.0073,-1.07823],
    "uvs": [[0.150354,0.345279,0.162323,0.326869,0.235366,0.222129,0.308125,0.117248,0.351798,0.054286,0.358959,0.043916,0.36334,0.039825,0.378773,0.079253,0.196552,0.345189,0.062101,0.521738,0.009664,0.529005,0.058176,0.465895,0.087098,0.427681,0.124958,0.377373,0.596321,0.924542,0.949904,0.497635,0.962937,0.497248,0.967905,0.509393,0.988871,0.563582,0.989125,0.564935,0.989294,0.569584,0.988872,0.572036,0.987181,0.577362,0.985997,0.579898,0.982531,0.584125,0.968582,0.601962,0.957,0.617348,0.934513,0.643809,0.917267,0.66469,0.903994,0.681851,0.887594,0.703408,0.858428,0.739928,0.846762,0.753877,0.832306,0.770869,0.810242,0.798936,0.786571,0.828862,0.759687,0.863354,0.714713,0.922277,0.696791,0.946202,0.683603,0.96404,0.680729,0.966576,0.673797,0.970296,0.670161,0.971733,0.654691,0.970718,0.624595,0.966407,0.584863,0.960743,0.384381,0.7492,0.560431,0.940622,0.471243,0.869187,0.383746,0.797921,0.29329,0.73325,0.181446,0.652009,0.093611,0.58852,0.062078,0.566202,0.048214,0.556311,0.034011,0.546251,0.959116,0.487497,0.961059,0.492655,0.365821,0.040261,0.37079,0.043331,0.430106,0.087159,0.467351,0.115201,0.50927,0.146753,0.543748,0.17188,0.609772,0.221402,0.663246,0.262746,0.673763,0.27063,0.680326,0.277201,0.706922,0.297071,0.770756,0.343957,0.887916,0.432197,0.951461,0.479377]],
    "materials": [{
        "colorDiffuse": [0.64,0.64,0.64],
        "specularCoef": 50,
        "colorAmbient": [0.64,0.64,0.64],
        "DbgIndex": 0,
        "wireframe": false,
        "depthTest": true,
        "blending": "NormalBlending",
        "mapDiffuseRepeat": [1,1],
        "mapDiffuseWrap": ["RepeatWrapping","RepeatWrapping"],
        "colorEmissive": [0,0,0],
        "visible": true,
        "DbgName": "top-secret-envelope",
        "DbgColor": 15658734,
        "opacity": 1,
        "shading": "phong",
        "mapDiffuse": "top-secret-envelope.jpg",
        "mapDiffuseAnisotropy": 1,
        "colorSpecular": [0,0,0],
        "depthWrite": true,
        "transparent": false
    }],
    "faces": [42,63,1,0,0,0,12,13,0,0,0,42,69,2,64,0,9,10,11,1,2,0,42,63,64,1,0,0,11,12,0,0,0,42,63,62,61,0,0,1,2,0,0,0,42,61,60,59,0,2,3,4,0,0,0,42,59,58,57,0,4,5,6,0,0,3,42,57,65,66,0,6,7,8,3,4,5,42,66,69,64,0,8,9,11,5,1,0,42,63,61,59,0,0,2,4,0,0,0,42,63,66,64,0,0,8,11,0,5,0,42,59,57,66,0,4,6,8,0,3,5,42,63,59,66,0,0,4,8,0,0,5,42,71,13,12,0,14,44,45,6,7,8,42,15,14,13,0,42,43,44,7,7,7,42,17,16,15,0,40,41,42,7,7,7,42,19,18,17,0,38,39,40,7,7,7,42,24,23,22,0,33,34,35,7,7,7,42,20,19,17,0,37,38,40,7,7,7,42,26,25,24,0,31,32,33,7,7,7,42,21,20,17,0,36,37,40,7,7,7,42,27,26,24,0,30,31,33,7,7,7,42,21,17,15,0,36,40,42,7,7,7,42,28,27,24,0,29,30,33,7,7,7,42,22,21,15,0,35,36,42,7,7,7,42,29,28,24,0,28,29,33,7,7,7,42,24,22,15,0,33,35,42,7,7,7,42,71,15,13,0,14,42,44,6,7,7,42,71,68,67,0,14,15,16,6,9,10,42,67,40,39,0,16,17,18,10,7,7,42,39,38,37,0,18,19,20,7,7,7,42,37,36,35,0,20,21,22,7,7,7,42,35,34,33,0,22,23,24,7,7,7,42,32,31,30,0,25,26,27,7,7,7,42,35,33,32,0,22,24,25,7,7,7,42,39,37,35,0,18,20,22,7,7,7,42,71,67,39,0,14,16,18,6,10,7,42,71,24,15,0,14,33,42,6,7,7,42,32,30,29,0,25,27,28,7,7,7,42,71,29,24,0,14,28,33,6,7,7,42,71,39,35,0,14,18,22,6,7,7,42,35,32,29,0,22,25,28,7,7,7,42,71,35,29,0,14,22,28,6,7,7,42,2,4,3,0,10,54,55,2,11,11,42,6,5,4,0,52,53,54,11,11,11,42,9,8,7,0,49,50,51,11,11,11,42,2,69,4,0,10,9,54,2,1,11,42,9,7,6,0,49,51,52,11,11,11,42,69,6,4,0,9,52,54,1,11,11,42,69,70,71,0,9,46,14,1,12,6,42,71,12,11,0,14,45,47,6,8,11,42,11,10,9,0,47,48,49,11,11,11,42,69,9,6,0,9,49,52,1,11,11,42,69,71,11,0,9,14,47,1,6,11,42,69,11,9,0,9,47,49,1,11,11,42,68,71,70,0,15,14,46,9,6,12,42,69,66,70,0,9,8,46,1,5,12,42,66,65,68,0,8,7,15,5,4,9,42,66,68,70,0,8,15,46,5,9,12,43,68,42,41,67,0,15,56,57,16,9,13,14,10,42,68,43,42,0,15,71,56,9,15,13,42,46,45,44,0,68,69,70,15,15,15,42,68,44,43,0,15,70,71,9,15,15,42,68,65,57,0,15,7,6,9,4,3,42,57,56,55,0,6,58,59,3,15,15,42,55,54,53,0,59,60,61,15,15,15,42,52,51,50,0,62,63,64,15,15,15,42,55,53,52,0,59,61,62,15,15,15,42,68,57,55,0,15,6,59,9,3,15,42,68,46,44,0,15,68,70,9,15,15,42,49,48,47,0,65,66,67,15,15,15,42,68,47,46,0,15,67,68,9,15,15,42,68,55,52,0,15,59,62,9,15,15,42,52,50,49,0,62,64,65,15,15,15,42,68,52,47,0,15,62,67,9,15,15,42,52,49,47,0,62,65,67,15,15,15],
    "normals": [-0.048372,0.998199,0.034791,-0.031709,0.999481,-0.004913,-0.042116,0.999084,-0.005615,0.004456,0.998169,0.059938,0.010376,0.998749,0.048585,-0.024171,0.999542,0.017396,-0.001892,0.999725,-0.022279,0.020905,0.999603,-0.017182,-0.004975,0.999481,-0.031007,0.046541,0.998566,0.02591,0.077853,0.996826,0.014924,-0.035585,0.99823,-0.047304,-0.017792,0.999542,-0.023652,0.106784,0.991058,0.079684,0.16715,0.983734,0.065523,0.066042,0.993835,0.088992]
}