{
    "name": "PlaneGeometry.2",
    "metadata": {
        "uvs": 1,
        "version": 3,
        "materials": 1,
        "faces": 35,
        "generator": "io_three",
        "type": "Geometry",
        "vertices": 37,
        "normals": 2
    },
    "vertices": [-0.677188,0.004694,-1.00969,-0.67973,0.004694,-0.997615,-0.678459,0.004694,0.941835,-0.675916,0.004694,0.97044,0.308747,0.004694,0.960269,0.617686,0.004694,0.962175,0.629764,0.004694,0.955183,0.63485,0.004694,0.948826,0.644385,0.004694,0.941834,0.664726,0.004694,0.930392,0.684432,0.004694,0.922764,0.698417,0.004694,0.912593,0.706681,0.004694,0.903058,0.707952,0.004694,0.89098,0.709224,0.004694,0.293443,0.708588,0.004694,-0.272945,0.709224,0.004694,-0.316806,0.713038,0.004694,-0.327613,0.725116,0.004694,-0.337148,0.74355,0.004694,-0.342233,0.760078,0.004694,-0.347954,0.770885,0.004694,-0.358125,0.776606,0.004694,-0.373382,0.78042,0.004694,-0.396902,0.78042,0.004692,-0.871753,0.77965,0.004692,-0.939372,0.773911,0.004692,-0.9482,0.762434,0.004692,-0.958795,0.745217,0.004692,-0.968507,0.721821,0.004692,-0.976894,0.709019,0.004692,-0.986164,0.698425,0.004692,-0.997642,0.692245,0.004692,-1.00426,0.501102,0.004692,-1.00382,0.495363,0.004692,-1.00735,0.612119,0.004694,0.962141,0.607872,0.004692,-1.00407],
    "uvs": [[0.791882,0.041214,0.789857,0.978779,0.738945,0.978662,0.736208,0.980345,0.17709,0.981461,0.175878,0.975702,0.176484,0.050896,0.177697,0.037256,0.647222,0.042106,0.838185,0.651066,0.840004,0.656219,0.845764,0.660766,0.854555,0.66319,0.862436,0.665917,0.867589,0.670768,0.870316,0.678043,0.872136,0.689258,0.872135,0.915686,0.871767,0.947929,0.869031,0.952139,0.863558,0.957191,0.855349,0.961822,0.844193,0.965822,0.838088,0.970242,0.833037,0.975715,0.83009,0.978872,0.794537,0.041198,0.800297,0.044531,0.802722,0.047562,0.807268,0.050896,0.816967,0.056354,0.826364,0.059991,0.833034,0.064839,0.836973,0.069388,0.83758,0.075146,0.838184,0.360076,0.837882,0.630151]],
    "materials": [{
        "colorDiffuse": [0.64,0.64,0.64],
        "specularCoef": 50,
        "colorAmbient": [0.64,0.64,0.64],
        "DbgIndex": 0,
        "wireframe": false,
        "depthTest": true,
        "blending": "NormalBlending",
        "mapDiffuseRepeat": [1,1],
        "mapDiffuseWrap": ["RepeatWrapping","RepeatWrapping"],
        "colorEmissive": [0,0,0],
        "visible": true,
        "DbgName": "manilla-folder",
        "DbgColor": 15658734,
        "opacity": 1,
        "shading": "phong",
        "mapDiffuse": "manilla-folder.jpg",
        "mapDiffuseAnisotropy": 1,
        "colorSpecular": [0,0,0],
        "depthWrite": true,
        "transparent": false
    }],
    "faces": [42,2,3,4,0,6,7,8,0,0,0,42,35,36,4,0,0,1,8,0,0,0,42,33,34,0,0,2,3,4,0,0,0,42,36,33,4,0,1,2,8,0,0,0,42,1,2,4,0,5,6,8,0,0,0,42,33,0,1,0,2,4,5,0,0,0,42,33,1,4,0,2,5,8,0,0,0,42,13,14,15,0,34,35,36,0,0,0,42,18,19,20,0,11,12,13,0,1,0,42,12,13,15,0,33,34,36,0,0,0,42,18,20,21,0,11,13,14,0,0,0,42,11,12,15,0,32,33,36,0,0,0,42,18,21,22,0,11,14,15,0,0,1,42,10,11,15,0,31,32,36,0,0,0,42,18,22,23,0,11,15,16,0,1,0,42,16,10,15,0,9,31,36,1,0,0,42,17,18,23,0,10,11,16,0,0,0,42,16,9,10,0,9,30,31,1,0,0,42,17,23,24,0,10,16,17,0,0,0,42,16,8,9,0,9,29,30,1,0,0,42,16,17,24,0,9,10,17,1,0,0,42,24,25,26,0,17,18,19,0,0,1,42,26,27,28,0,19,20,21,1,0,1,42,30,31,32,0,23,24,25,0,1,0,42,26,28,29,0,19,21,22,1,1,0,42,30,32,36,0,23,25,1,0,0,0,42,24,26,29,0,17,19,22,0,1,0,42,29,30,36,0,22,23,1,0,0,0,42,36,35,5,0,1,0,26,0,0,0,42,5,6,7,0,26,27,28,0,0,0,42,16,7,8,0,9,28,29,1,0,0,42,16,24,29,0,9,17,22,1,0,0,42,29,36,5,0,22,1,26,0,0,0,42,16,5,7,0,9,26,28,1,0,0,42,16,29,5,0,9,22,26,1,0,0],
    "normals": [0,1,0,0,0.999969,0]
}