{
    "materials": [{
        "mapDiffuseRepeat": [1,1],
        "DbgColor": 15658734,
        "transparent": false,
        "DbgName": "Front",
        "depthWrite": true,
        "colorDiffuse": [0.784314,0.784314,0.784314],
        "mapDiffuse": "dollar.jpg",
        "mapDiffuseWrap": ["RepeatWrapping","RepeatWrapping"],
        "colorEmissive": [0,0,0],
        "visible": true,
        "shading": "lambert",
        "depthTest": true,
        "DbgIndex": 0,
        "mapDiffuseAnisotropy": 1,
        "colorAmbient": [0.784314,0.784314,0.784314],
        "wireframe": false,
        "opacity": 1,
        "blending": "NormalBlending"
    }],
    "metadata": {
        "type": "Geometry",
        "uvs": 2,
        "vertices": 84,
        "normals": 2,
        "faces": 59,
        "version": 3,
        "materials": 1,
        "generator": "io_three"
    },
    "uvs": [[0,0,1,0,1,1,0,1],[0,0,1,0,1,1,0,1]],
    "vertices": [-1.54882,0.329113,0.634358,1.61342,0.329113,0.678515,1.60379,0.329113,-0.752541,-1.54687,0.329113,-0.676318,1.59756,0.086223,-0.83639,-1.56813,0.086223,-0.613911,-1.55193,0.086223,0.712478,1.73922,0.086223,0.592436,-1.58934,0.119788,0.691278,1.60034,0.119788,0.537176,1.52494,0.119788,-0.807751,-1.59078,0.119788,-0.604356,-1.56462,0.103005,0.569458,1.6471,0.103005,0.678849,1.70963,0.103005,-0.587424,-1.51878,0.103005,-0.750248,1.63889,0.153353,-0.79631,-1.51268,0.153353,-0.683187,-1.52117,0.153353,0.767678,1.63968,0.153353,0.524276,-1.59076,0.186918,0.747715,1.72645,0.186918,0.523005,1.57079,0.186917,-0.807657,-1.68369,0.186918,-0.612665,-1.59721,0.170135,0.659231,1.65522,0.170135,0.706891,1.63345,0.170135,-0.764195,-1.55431,0.170135,-0.738932,1.59313,0.13657,-0.691778,-1.69292,0.13657,-0.711165,-1.63309,0.13657,0.68228,1.61697,0.13657,0.533093,1.64233,0.214888,-0.705189,-1.62697,0.214888,-0.516621,-1.55581,0.214888,0.604529,1.66778,0.214888,0.585828,-1.61431,0.248453,0.704656,1.62852,0.248453,0.671682,1.54614,0.248453,-0.779936,-1.62117,0.248453,-0.683108,-1.55977,0.231671,0.529949,1.60801,0.231671,0.832716,1.69648,0.231671,-0.585373,-1.53329,0.231671,-0.798369,1.66066,0.282018,-0.734704,-1.6055,0.282018,-0.641707,-1.53148,0.282018,0.759883,1.66863,0.282018,0.531021,-1.64753,0.315583,0.710085,1.63859,0.315583,0.511087,1.57822,0.315583,-0.797701,-1.61713,0.315583,-0.655887,-1.55479,0.298801,0.663317,1.64918,0.298801,0.791711,1.64398,0.298801,-0.68606,-1.42976,0.298801,-0.697329,1.62302,0.265236,-0.676083,-1.57769,0.265236,-0.834526,-1.63605,0.265236,0.424561,1.60985,0.265236,0.637631,1.52218,0.198106,-0.665952,-1.56978,0.198106,-0.806182,-1.70225,0.198106,0.491583,1.48359,0.198106,0.748393,1.63023,0.06944,-0.562398,-1.58646,0.06944,-0.809172,-1.75189,0.06944,0.536234,1.5295,0.06944,0.676542,1.56976,0.028407,-0.713575,-1.55471,0.028407,-0.646235,-1.54268,0.028407,0.731657,1.6348,0.028407,0.444918,-1.58406,0.061972,0.717961,1.63448,0.061972,0.558771,1.53652,0.061972,-0.822964,-1.75451,0.061972,-0.657352,-1.6022,0.045189,0.634406,1.66276,0.045189,0.688673,1.72391,0.045189,-0.592691,-1.56242,0.045189,-0.690321,1.73992,0.011624,-0.623843,-1.62278,0.011624,-0.818384,-1.67329,0.011625,0.46926,1.59415,0.011625,0.700435],
    "normals": [0,0.999969,0,0,1,0],
    "name": "Dollar Stack wildGeometry",
    "faces": [43,0,1,2,3,0,0,1,2,3,0,1,2,3,0,0,0,1,43,5,6,7,4,0,1,2,3,0,1,2,3,0,1,1,0,1,43,9,10,11,8,0,1,2,3,0,1,2,3,0,1,0,1,0,43,13,14,15,12,0,1,2,3,0,1,2,3,0,1,1,1,0,43,17,18,19,16,0,1,2,3,0,1,2,3,0,1,1,1,1,43,21,22,23,20,0,1,2,3,0,1,2,3,0,1,0,1,1,43,25,26,27,24,0,1,2,3,0,1,2,3,0,0,1,0,1,43,29,30,31,28,0,1,2,3,0,1,2,3,0,0,1,1,1,43,33,34,35,32,0,1,2,3,0,1,2,3,0,1,1,1,1,43,37,38,39,36,0,1,2,3,0,1,2,3,0,1,0,1,0,43,41,42,43,40,0,1,2,3,0,1,2,3,0,0,0,1,1,43,45,46,47,44,0,1,2,3,0,1,2,3,0,1,1,1,1,43,49,50,51,48,0,1,2,3,0,1,2,3,0,1,1,1,0,43,53,54,55,52,0,1,2,3,0,1,2,3,0,1,1,1,1,43,57,58,59,56,0,1,2,3,0,1,2,3,0,1,1,0,1,43,61,62,63,60,0,1,2,3,0,1,2,3,0,1,1,1,1,43,65,66,67,64,0,1,2,3,0,1,2,3,0,1,0,1,1,43,69,70,71,68,0,1,2,3,0,1,2,3,0,1,1,1,1,43,73,74,75,72,0,1,2,3,0,1,2,3,0,0,1,1,1,43,77,78,79,76,0,1,2,3,0,1,2,3,0,1,0,1,1,43,81,82,83,80,0,1,2,3,0,1,2,3,0,1,0,1,1]
}