{
    "uvs": [[0.247691,0.762152,0.070606,0.762152,0.070606,0.585067,0.247691,0.585067,0.459644,0.761225,0.475509,0.761225,0.475509,0.989471,0.459644,0.973606,0.985209,0.518454,0.910625,0.518454,0.910625,0.102821,0.985209,0.102821,0.910625,0.028237,0.494992,0.102821,0.494992,0.028237,0.034882,0.761225,0.050746,0.761225,0.050746,0.957742,0.034882,0.973606,0.494992,0.518454,0.247263,0.973606,0.247263,0.989471,0.019017,0.989471,0.494992,0.593038,0.910625,0.593038,0.247263,0.548844,0.247263,0.532979,0.475509,0.532979,0.459644,0.548844,0.420408,0.518454,0.41343,0.513446,0.41343,0.310637,0.41343,0.107828,0.420408,0.102821,0.499999,0.600016,0.905618,0.600016,0.702808,0.600016,0.992188,0.513446,0.992188,0.107828,0.992188,0.310637,0.905618,0.021258,0.499999,0.021258,0.702808,0.021258,0.247263,0.564708,0.44378,0.564708,0.050746,0.564708,0.034882,0.548844,0.019017,0.532979,0.247263,0.957742,0.44378,0.957742,0.019017,0.761225,0.44378,0.761225,0.424776,0.762152,0.424776,0.585067,0.424776,0.939238,0.247691,0.939238,0.070606,0.939238]],
    "materials": [{
        "colorEmissive": [0,0,0],
        "shading": "phong",
        "mapDiffuseAnisotropy": 1,
        "colorDiffuse": [0.512,0.477129,0.483593],
        "mapDiffuseRepeat": [1,1],
        "opacity": 1,
        "colorAmbient": [0.512,0.477129,0.483593],
        "DbgName": "Desk.001",
        "depthTest": true,
        "wireframe": false,
        "colorSpecular": [0.134377,0.137151,0.128362],
        "visible": true,
        "blending": "NormalBlending",
        "specularCoef": 30,
        "mapDiffuse": "wood.jpg",
        "DbgColor": 15658734,
        "depthWrite": true,
        "DbgIndex": 0,
        "mapDiffuseWrap": ["RepeatWrapping","RepeatWrapping"],
        "transparent": false
    }],
    "metadata": {
        "uvs": 1,
        "type": "Geometry",
        "vertices": 33,
        "generator": "io_three",
        "faces": 37,
        "version": 3,
        "materials": 1,
        "normals": 29
    },
    "faces": [43,32,22,2,18,0,0,1,2,3,0,1,2,3,43,31,25,5,17,0,4,5,6,7,1,4,5,6,43,6,7,8,9,0,8,9,10,11,7,8,9,10,43,9,8,10,11,0,12,10,13,14,10,9,11,12,43,30,20,3,27,0,15,16,17,18,13,13,14,15,43,14,10,8,7,0,19,13,10,9,16,11,9,8,43,29,19,12,27,0,20,21,22,18,3,17,18,15,43,15,14,7,6,0,23,19,9,24,19,16,8,7,43,28,24,4,21,0,25,26,27,28,20,21,22,23,42,15,12,11,0,29,32,33,19,18,12,42,13,16,12,0,30,31,32,24,25,18,42,15,13,12,0,29,30,32,19,24,18,42,13,4,24,0,34,35,36,24,22,21,42,15,6,4,0,23,24,35,19,7,22,42,13,15,4,0,34,23,35,24,19,22,42,4,5,25,0,37,38,39,22,5,4,42,6,9,5,0,8,11,38,7,10,5,42,4,6,5,0,37,8,38,22,7,5,42,5,12,19,0,40,41,42,5,18,17,42,9,11,12,0,12,14,41,10,12,18,42,5,9,12,0,40,12,41,5,10,18,43,11,10,14,15,0,33,13,19,29,12,11,16,19,43,26,28,21,1,0,43,25,28,44,20,20,23,26,43,0,23,28,26,0,45,46,25,43,27,28,20,20,43,23,13,24,28,0,46,47,26,25,28,24,21,20,43,18,29,27,3,0,48,20,18,17,3,3,15,14,43,2,17,29,18,0,49,7,20,48,2,6,3,3,43,17,5,19,29,0,7,6,21,20,6,5,17,3,43,16,30,27,12,0,50,15,18,22,25,13,15,18,43,13,23,30,16,0,47,46,15,50,24,28,13,25,43,23,0,20,30,0,46,45,16,15,28,27,13,13,43,22,31,17,2,0,51,4,7,49,1,1,6,2,43,1,21,31,22,0,44,28,4,51,26,23,1,1,43,21,4,25,31,0,28,27,5,4,23,22,4,1,43,20,32,18,3,0,52,0,3,53,13,0,3,14,43,0,26,32,20,0,54,55,0,52,27,20,0,13,43,26,1,22,32,0,55,56,1,0,20,26,1,0],
    "vertices": [-8.00558,-0.001881,-8.00558,-8.00558,-0.001883,8.00558,8.00558,-0.001883,8.00558,8.00558,-0.001881,-8.00558,-8.85952,-0.001794,8.85952,8.85952,-0.001794,8.85952,-9.07827,-0.067442,9.07827,-9.07827,-1.07478,9.07827,9.07827,-1.07478,9.07827,9.07827,-0.067442,9.07827,9.07827,-1.07478,-9.07827,9.07827,-0.067439,-9.07827,8.85952,-0.001791,-8.85952,-8.85952,-0.001791,-8.85952,-9.07827,-1.07478,-9.07827,-9.07827,-0.067439,-9.07827,0,-0.001791,-8.85952,8.24373,-0.001794,8.24373,8.00558,-0.001882,0,8.85952,-0.001792,0,0,-0.001881,-8.00558,-8.24373,-0.001794,8.24373,0,-0.001883,8.00558,-8.24373,-0.001791,-8.24373,-8.85952,-0.001792,0,0,-0.001794,8.85952,-8.00558,-0.001882,0,8.24373,-0.001791,-8.24373,-8.24373,-0.001793,0,8.24373,-0.001793,0,0,-0.001791,-8.24373,0,-0.001794,8.24373,0,-0.001882,0],
    "name": "Desk_LP.001_Cube.000Geometry.9",
    "normals": [0,1,0,0,1,-0.000183,-0.000122,1,-0.000122,-0.000183,1,0,0,0.98938,0.145238,0.109684,0.987884,0.109684,-3.1e-05,1,-3.1e-05,-0.604633,0.518448,0.604633,-0.577349,-0.577349,0.577349,0.577349,-0.577349,0.577349,0.604633,0.518448,0.604633,0.577349,-0.577349,-0.577349,0.604633,0.518448,-0.604633,0,1,0.000183,-0.000122,1,0.000122,-3.1e-05,1,3.1e-05,-0.577349,-0.577349,-0.577349,0.145238,0.98938,0,0.109684,0.987884,-0.109684,-0.604633,0.518448,-0.604633,0.000183,1,0,-0.145238,0.98938,0,-0.109684,0.987884,0.109684,3.1e-05,1,-3.1e-05,-0.109684,0.987884,-0.109684,0,0.98938,-0.145238,0.000122,1,-0.000122,0.000122,1,0.000122,3.1e-05,1,3.1e-05]
}