{
    "normals": [0,-1,0,0,-0.999969,0],
    "name": "Plane.004Geometry.2",
    "metadata": {
        "uvs": 0,
        "normals": 2,
        "version": 3,
        "faces": 18,
        "type": "Geometry",
        "generator": "io_three",
        "materials": 1,
        "vertices": 72
    },
    "faces": [35,0,1,3,2,0,0,0,0,0,35,4,5,7,6,0,0,0,0,0,35,8,9,11,10,0,0,0,0,0,35,12,13,15,14,0,0,0,0,0,35,16,17,19,18,0,0,0,0,0,35,20,21,23,22,0,0,0,0,0,35,24,25,27,26,0,0,0,0,0,35,28,29,31,30,0,0,0,0,0,35,32,33,35,34,0,0,0,0,0,35,36,37,39,38,0,0,0,0,0,35,40,41,43,42,0,0,0,0,0,35,44,45,47,46,0,0,0,0,0,35,48,49,51,50,0,0,0,0,1,35,52,53,55,54,0,0,0,0,0,35,56,57,59,58,0,0,0,0,0,35,60,61,63,62,0,0,0,0,1,35,64,65,67,66,0,0,0,0,0,35,68,69,71,70,0,0,1,0,0],
    "uvs": [],
    "materials": [{
        "DbgColor": 15658734,
        "colorAmbient": [0,0.64,0.001849],
        "shading": "phong",
        "transparent": false,
        "colorEmissive": [0,0,0],
        "visible": true,
        "wireframe": false,
        "DbgIndex": 0,
        "opacity": 1,
        "colorSpecular": [0,0,0],
        "depthTest": true,
        "DbgName": "Grid",
        "colorDiffuse": [0,0.64,0.001849],
        "blending": "NormalBlending",
        "specularCoef": 50,
        "depthWrite": true
    }],
    "vertices": [-7.97898,0,7.94459,7.97898,0,7.94459,-7.97898,0,7.97603,7.97898,0,7.97603,-7.97898,0,5.96442,7.97898,0,5.96442,-7.97898,0,5.99586,7.97898,0,5.99586,-7.97898,0,3.98425,7.97898,0,3.98425,-7.97898,0,4.01569,7.97898,0,4.01569,-7.97898,0,1.96744,7.97898,0,1.96744,-7.97898,0,1.99888,7.97898,0,1.99888,-7.97898,-0,-0.014997,7.97898,-0,-0.014997,-7.97898,0,0.01644,7.97898,0,0.01644,-7.97898,-0,-2.00889,7.97898,-0,-2.00889,-7.97898,-0,-1.97746,7.97898,-0,-1.97746,-7.97898,-0,-3.99133,7.97898,-0,-3.99133,-7.97898,-0,-3.95989,7.97898,-0,-3.95989,-7.97898,-0,-5.99668,7.97898,-0,-5.99668,-7.97898,-0,-5.96524,7.97898,-0,-5.96524,-7.97898,-0,-7.99056,7.97898,-0,-7.99056,-7.97898,-0,-7.95913,7.97898,-0,-7.95913,7.94462,0,7.97894,7.94463,-0,-7.97901,7.97606,0,7.97894,7.97606,-0,-7.97901,5.96446,0,7.97894,5.96446,-0,-7.97901,5.99589,0,7.97894,5.99589,-0,-7.97901,3.98429,0,7.97894,3.98429,-0,-7.97901,4.01572,0,7.97894,4.01572,-0,-7.97901,1.96747,0,7.97894,1.96747,-0,-7.97901,1.99891,0,7.97894,1.99891,-0,-7.97901,-0.014966,0,7.97894,-0.014965,-0,-7.97901,0.016471,0,7.97894,0.016473,-0,-7.97901,-2.00886,0,7.97894,-2.00886,-0,-7.97901,-1.97742,0,7.97894,-1.97742,-0,-7.97901,-3.9913,0,7.97894,-3.9913,-0,-7.97901,-3.95986,0,7.97894,-3.95986,-0,-7.97901,-5.99664,0,7.97894,-5.99664,-0,-7.97901,-5.96521,0,7.97894,-5.96521,-0,-7.97901,-7.99053,0,7.97894,-7.99053,-0,-7.97901,-7.95909,0,7.97894,-7.95909,-0,-7.97901]
}